step_counter,episode_step,vel,facing,strike,terminate,hit,total,w_vel,w_facing,w_strike,w_terminate,w_hit
1,1,0.027017811313271523,0.999978244304657,0.0,0.0,1.3136230579525814e-15,0.36350131034851074,0.5,0.35,0.0,0.0,0.15
2,2,0.13912396132946014,0.9995163083076477,0.0,0.0,4.156855269748421e-15,0.4193927049636841,0.5,0.35,0.0,0.0,0.15
3,3,0.7513798475265503,0.9885194301605225,0.0,0.0,3.803443901517246e-15,0.7216717004776001,0.5,0.35,0.0,0.0,0.15
4,4,0.8673555850982666,0.9648920297622681,0.0,0.0,2.342518955300945e-15,0.7713899612426758,0.5,0.35,0.0,0.0,0.15
5,5,0.44073230028152466,0.9502749443054199,0.0,0.0,2.7039167854335435e-15,0.5529623627662659,0.5,0.35,0.0,0.0,0.15
6,6,0.09872159361839294,0.9455143213272095,0.0,0.0,4.6353971212115784e-15,0.38029080629348755,0.5,0.35,0.0,0.0,0.15
7,7,0.023396359756588936,0.9452065825462341,0.0,0.0,1.2507173302676172e-14,0.34252047538757324,0.5,0.35,0.0,0.0,0.15
8,8,0.0,0.9502516388893127,0.0,0.0,7.449158070981302e-14,0.3325880765914917,0.5,0.35,0.0,0.0,0.15
9,9,0.0,0.9410580396652222,0.0,0.0,3.5001615321383905e-12,0.32937031984329224,0.5,0.35,0.0,0.0,0.15
10,10,0.0,0.886458158493042,0.0,0.0,1.6296858307285333e-09,0.3102603554725647,0.5,0.35,0.0,0.0,0.15
11,11,0.0,0.8030134439468384,0.0,0.0,8.854156163806692e-08,0.28105470538139343,0.5,0.35,0.0,0.0,0.15
12,12,0.15915873646736145,0.7856492400169373,0.0,0.0,1.4460513853009616e-07,0.3545566499233246,0.5,0.35,0.0,0.0,0.15
13,13,0.6714248061180115,0.7634794116020203,0.0,0.0,1.6439111050203792e-07,0.6029301881790161,0.5,0.35,0.0,0.0,0.15
14,14,0.9359386563301086,0.7586522102355957,-20.0,0.0,4.038900272007595e-07,0.733497679233551,0.5,0.35,0.0,0.0,0.15
15,15,0.9576758742332458,0.7949826717376709,0.0,0.0,4.580171548695944e-07,0.757081925868988,0.5,0.35,0.0,0.0,0.15
16,16,0.9645148515701294,0.7915701270103455,0.0,0.0,6.557198872769732e-08,0.7593069672584534,0.5,0.35,0.0,0.0,0.15
17,17,0.8354346752166748,0.7641425132751465,0.0,0.0,2.786348041183828e-09,0.6851671934127808,0.5,0.35,0.0,0.0,0.15
18,18,0.5758331418037415,0.729133129119873,0.0,0.0,1.571296703861691e-10,0.5431131720542908,0.5,0.35,0.0,0.0,0.15
19,19,0.44985467195510864,0.6879428029060364,0.0,0.0,2.151860287180618e-11,0.46570730209350586,0.5,0.35,0.0,0.0,0.15
20,20,0.3725167512893677,0.6341550946235657,0.0,0.0,5.097214317295595e-12,0.40821266174316406,0.5,0.35,0.0,0.0,0.15
21,21,0.32633137702941895,0.5796642303466797,0.0,0.0,1.6071862807623405e-12,0.3660481572151184,0.5,0.35,0.0,0.0,0.15
22,22,0.7828315496444702,0.6737672686576843,0.0,0.0,4.633722875888036e-13,0.6272343397140503,0.5,0.35,0.0,0.0,0.15
23,23,1.0,0.7731398940086365,0.0,0.0,3.664854403566571e-14,0.7705989480018616,0.5,0.35,0.0,0.0,0.15
24,24,1.0,0.905515730381012,0.0,0.0,2.873947320529175e-16,0.8169305324554443,0.5,0.35,0.0,0.0,0.15
25,25,0.9924911260604858,0.996323823928833,0.0,0.0,3.5345803941569584e-18,0.8449589014053345,0.5,0.35,0.0,0.0,0.15
26,26,0.7247868776321411,0.9793791174888611,0.0,0.0,3.6232883804204874e-19,0.7051761150360107,0.5,0.35,0.0,0.0,0.15
27,27,0.286244660615921,0.916134238243103,-20.0,0.0,2.498945200759316e-19,0.4637693166732788,0.5,0.35,0.0,0.0,0.15
28,28,0.1713196039199829,0.8141000270843506,0.0,0.0,3.237825058404132e-19,0.3705947995185852,0.5,0.35,0.0,0.0,0.15
29,29,0.3863022029399872,0.6826319694519043,-18.45816421508789,0.0,6.093149393854556e-19,0.4320722818374634,0.5,0.35,0.0,0.0,0.15
30,30,0.7168141007423401,0.599155068397522,2.648963212966919,0.0,1.0736360775334818e-18,0.5681113004684448,0.5,0.35,0.0,0.0,0.15
31,31,0.6204562187194824,0.5259570479393005,-15.583959579467773,0.0,2.8889812289006525e-18,0.4943130612373352,0.5,0.35,0.0,0.0,0.15
32,32,0.42753636837005615,0.4615577459335327,0.0,0.0,1.224836442381565e-17,0.375313401222229,0.5,0.35,0.0,0.0,0.15
33,33,0.2132617086172104,0.401363730430603,3.372840166091919,0.0,6.37688158770359e-17,0.24710816144943237,0.5,0.35,0.0,0.0,0.15
34,34,0.07950832694768906,0.3461538851261139,11.6598539352417,0.0,4.139731386988932e-16,0.1609080284833908,0.5,0.35,0.0,0.0,0.15
35,35,0.01982782408595085,0.28205204010009766,0.0,0.0,2.997190508475557e-15,0.10863212496042252,0.5,0.35,0.0,0.0,0.15
36,36,0.0,0.2299884706735611,19.369815826416016,0.0,1.5113922280048965e-14,0.08049596101045609,0.5,0.35,0.0,0.0,0.15
37,37,0.03885158523917198,0.18667539954185486,2.5308139324188232,0.0,1.4721486833388364e-14,0.08476218581199646,0.5,0.35,0.0,0.0,0.15
38,38,0.1765977293252945,0.15245622396469116,0.0,0.0,5.0182386491951034e-15,0.14165854454040527,0.5,0.35,0.0,0.0,0.15
39,39,0.455081582069397,0.1024291142821312,0.0,0.0,2.0125562119068484e-15,0.26339098811149597,0.5,0.35,0.0,0.0,0.15
40,40,0.36892807483673096,0.06148518621921539,3.2126529216766357,0.0,7.267339928930148e-16,0.20598384737968445,0.5,0.35,0.0,0.0,0.15
41,41,0.17217566072940826,0.04474522918462753,2.298981189727783,0.0,4.3912493503466237e-16,0.10174866020679474,0.5,0.35,0.0,0.0,0.15
42,42,0.09634927660226822,0.044428784400224686,0.0,0.0,8.065597542707993e-16,0.06372471153736115,0.5,0.35,0.0,0.0,0.15
43,43,0.10495895892381668,0.05186793580651283,0.0,0.0,3.4664454907050186e-15,0.07063325494527817,0.5,0.35,0.0,0.0,0.15
44,44,0.0,0.024677114561200142,-20.0,0.0,9.727011270012006e-14,0.008636989630758762,0.5,0.35,0.0,0.0,0.15
45,45,0.0,0.7865060567855835,-3.541776657104492,0.0,1.3692209665334618e-14,0.27527710795402527,0.5,0.35,0.0,0.0,0.15
46,46,0.0,0.6412027478218079,-5.0678205490112305,0.0,2.6111063266117058e-15,0.224420964717865,0.5,0.35,0.0,0.0,0.15
47,47,0.0,0.6226592659950256,2.429438829421997,0.0,1.9343270017555198e-15,0.21793073415756226,0.5,0.35,0.0,0.0,0.15
48,48,0.019318796694278717,0.7078490257263184,-14.384742736816406,0.0,4.7962618069058525e-15,0.2574065625667572,0.5,0.35,0.0,0.0,0.15
49,49,0.0,0.42926689982414246,-8.181787490844727,0.0,2.0208928795803147e-14,0.15024341642856598,0.5,0.35,0.0,0.0,0.15
50,50,0.08896389603614807,0.820379376411438,-2.330502986907959,0.0,4.3985804310930215e-14,0.33161473274230957,0.5,0.35,0.0,0.0,0.15
51,51,0.3891288638114929,0.6933661103248596,0.0,0.0,3.1898263327598264e-13,0.4372425675392151,0.5,0.35,0.0,0.0,0.15
52,52,0.29490989446640015,0.9258875846862793,0.0,0.0,1.4641268069898877e-13,0.47151559591293335,0.5,0.35,0.0,0.0,0.15
53,53,0.19767412543296814,0.9348633289337158,-2.749398708343506,0.0,1.479660035989816e-13,0.4260392189025879,0.5,0.35,0.0,0.0,0.15
54,54,0.5335635542869568,0.9604467153549194,0.0,0.0,1.7735850765462913e-13,0.6029381155967712,0.5,0.35,0.0,0.0,0.15
55,55,0.7982569336891174,0.9999988079071045,2.1185524463653564,0.0,8.331975110938486e-14,0.7491280436515808,0.5,0.35,0.0,0.0,0.15
56,56,0.6717548370361328,0.8717775940895081,0.0,0.0,2.5987313023072625e-14,0.6409995555877686,0.5,0.35,0.0,0.0,0.15
57,57,0.23550528287887573,0.8457463979721069,0.0,0.0,7.47481588479976e-15,0.4137638807296753,0.5,0.35,0.0,0.0,0.15
58,58,0.023610202595591545,0.9906352758407593,0.0,0.0,6.558063232140485e-15,0.35852742195129395,0.5,0.35,0.0,0.0,0.15
59,59,0.0,0.9926224946975708,-2.3173625469207764,0.0,1.5187116091087104e-14,0.3474178612232208,0.5,0.35,0.0,0.0,0.15
60,60,0.0,0.9801954627037048,0.0,0.0,2.879156806088849e-14,0.3430684208869934,0.5,0.35,0.0,0.0,0.15
61,61,0.0,0.9466918706893921,0.0,0.0,5.1019362617022584e-14,0.3313421607017517,0.5,0.35,0.0,0.0,0.15
62,62,0.0,0.8956356048583984,0.0,0.0,8.03296570429414e-14,0.3134724497795105,0.5,0.35,0.0,0.0,0.15
63,63,0.0,0.9055264592170715,0.0,0.0,7.641475885215854e-14,0.3169342577457428,0.5,0.35,0.0,0.0,0.15
64,64,0.0,0.9127011299133301,-3.6515324115753174,0.0,9.168546862481017e-14,0.31944540143013,0.5,0.35,0.0,0.0,0.15
65,65,0.0,0.9495571851730347,0.0,0.0,1.0837468753356963e-13,0.33234500885009766,0.5,0.35,0.0,0.0,0.15
66,66,0.0,0.9452597498893738,0.0,0.0,1.277950320436108e-13,0.33084091544151306,0.5,0.35,0.0,0.0,0.15
67,67,0.0,0.9527547359466553,0.0,0.0,1.4170598288537617e-13,0.3334641456604004,0.5,0.35,0.0,0.0,0.15
68,68,0.0,0.9607088565826416,0.0,0.0,1.7385576214345305e-13,0.33624809980392456,0.5,0.35,0.0,0.0,0.15
69,69,0.0,0.9757801294326782,0.0,0.0,2.0529571423920367e-13,0.34152305126190186,0.5,0.35,0.0,0.0,0.15
70,70,0.0,0.9798187613487244,0.0,0.0,2.721999329494823e-13,0.34293657541275024,0.5,0.35,0.0,0.0,0.15
71,71,0.0,0.978904128074646,0.0,0.0,3.251710695411497e-13,0.3426164388656616,0.5,0.35,0.0,0.0,0.15
72,72,0.0,0.9801368713378906,0.0,0.0,3.341277721082697e-13,0.3430478870868683,0.5,0.35,0.0,0.0,0.15
73,73,0.0,0.988019585609436,0.0,0.0,3.443930253824168e-13,0.3458068370819092,0.5,0.35,0.0,0.0,0.15
74,74,0.019636020064353943,0.9953976273536682,0.0,0.0,3.2829197259970355e-13,0.35820719599723816,0.5,0.35,0.0,0.0,0.15
75,75,0.01959069073200226,0.9971438050270081,0.0,0.0,3.0407596471153375e-13,0.3587956726551056,0.5,0.35,0.0,0.0,0.15
76,76,0.0,0.9959273338317871,0.0,0.0,2.983942845417864e-13,0.34857454895973206,0.5,0.35,0.0,0.0,0.15
77,77,0.0,0.9893771409988403,3.4988276958465576,0.0,3.1064988905912805e-13,0.3462820053100586,0.5,0.35,0.0,0.0,0.15
78,78,0.0,0.9855951070785522,0.0,0.0,3.4155328305224275e-13,0.34495827555656433,0.5,0.35,0.0,0.0,0.15
79,79,0.0,0.9838215708732605,0.0,0.0,3.8737250711816384e-13,0.3443375527858734,0.5,0.35,0.0,0.0,0.15
80,80,0.0,0.9787080883979797,0.0,0.0,4.550889829910143e-13,0.34254783391952515,0.5,0.35,0.0,0.0,0.15
81,81,0.0,0.9677631258964539,1.6697742938995361,0.0,5.334612959706497e-13,0.33871710300445557,0.5,0.35,0.0,0.0,0.15
82,82,0.0,0.9635119438171387,0.0,0.0,6.153737458838848e-13,0.3372291624546051,0.5,0.35,0.0,0.0,0.15
83,83,0.0,0.9564595222473145,0.0,0.0,7.365930239887353e-13,0.3347608149051666,0.5,0.35,0.0,0.0,0.15
84,84,0.0,0.9383895397186279,0.0,0.0,9.21587242283528e-13,0.32843634486198425,0.5,0.35,0.0,0.0,0.15
85,85,0.0,0.9359316825866699,0.0,0.0,1.2578501608351278e-12,0.32757607102394104,0.5,0.35,0.0,0.0,0.15
86,86,0.0,0.933874785900116,0.0,0.0,1.6752144376547262e-12,0.32685616612434387,0.5,0.35,0.0,0.0,0.15
87,87,0.0,0.929248571395874,0.0,0.0,2.0243902040806283e-12,0.3252370059490204,0.5,0.35,0.0,0.0,0.15
88,88,0.0,0.931496798992157,0.0,0.0,2.3060995387597094e-12,0.3260238766670227,0.5,0.35,0.0,0.0,0.15
89,89,0.0,0.9464708566665649,0.0,0.0,2.574122122053768e-12,0.33126479387283325,0.5,0.35,0.0,0.0,0.15
90,90,0.0,0.9436532258987427,0.0,0.0,2.839712189353638e-12,0.3302786350250244,0.5,0.35,0.0,0.0,0.15
91,91,0.0,0.952735424041748,0.0,0.0,3.390810418904544e-12,0.3334573805332184,0.5,0.35,0.0,0.0,0.15
92,92,0.0,0.9433848857879639,0.0,0.0,3.6054184811284973e-12,0.3301846981048584,0.5,0.35,0.0,0.0,0.15
93,93,0.01993962749838829,0.9343844056129456,0.0,0.0,3.831869717363379e-12,0.33700433373451233,0.5,0.35,0.0,0.0,0.15
94,94,0.023767761886119843,0.9461521506309509,0.0,0.0,3.739344337644335e-12,0.34303712844848633,0.5,0.35,0.0,0.0,0.15
95,95,0.0,0.9498061537742615,0.0,0.0,3.761684106567964e-12,0.3324321508407593,0.5,0.35,0.0,0.0,0.15
96,96,0.0,0.9283797740936279,0.0,0.0,3.863787761959614e-12,0.32493290305137634,0.5,0.35,0.0,0.0,0.15
97,97,0.0,0.952058732509613,0.0,0.0,3.425405358664646e-12,0.33322054147720337,0.5,0.35,0.0,0.0,0.15
98,98,0.0,0.9641123414039612,0.0,0.0,3.1459318657056645e-12,0.33743932843208313,0.5,0.35,0.0,0.0,0.15
99,99,0.0,0.9734963178634644,0.0,0.0,2.7167413284290287e-12,0.3407236933708191,0.5,0.35,0.0,0.0,0.15
100,100,0.02518303133547306,0.985082745552063,0.0,0.0,2.1444105172130357e-12,0.3573704659938812,0.5,0.35,0.0,0.0,0.15
101,101,0.029995176941156387,0.9879223108291626,0.0,0.0,1.7897580119330403e-12,0.36077040433883667,0.5,0.35,0.0,0.0,0.15
102,102,0.032512202858924866,0.9872521758079529,0.0,0.0,1.512604820043395e-12,0.3617943525314331,0.5,0.35,0.0,0.0,0.15
103,103,0.02741096168756485,0.9872907400131226,0.0,0.0,1.3146176855438618e-12,0.3592572510242462,0.5,0.35,0.0,0.0,0.15
104,104,0.020674563944339752,0.9877541661262512,4.925042629241943,0.0,1.2094273065671457e-12,0.3560512363910675,0.5,0.35,0.0,0.0,0.15
105,105,0.0,0.9895179271697998,0.0,0.0,1.240514418618388e-12,0.34633126854896545,0.5,0.35,0.0,0.0,0.15
106,106,0.0,0.9895764589309692,0.0,0.0,1.3064290317957306e-12,0.3463517427444458,0.5,0.35,0.0,0.0,0.15
107,107,0.0,0.9840214848518372,2.358900547027588,0.0,1.3596842835666978e-12,0.3444075286388397,0.5,0.35,0.0,0.0,0.15
108,108,0.0,0.9847936630249023,0.0,0.0,1.4741143418775526e-12,0.34467777609825134,0.5,0.35,0.0,0.0,0.15
109,109,0.0,0.9831305146217346,0.0,0.0,1.6398388723304347e-12,0.3440956771373749,0.5,0.35,0.0,0.0,0.15
110,110,0.0,0.9808080196380615,0.0,0.0,1.7876258199406303e-12,0.3432827889919281,0.5,0.35,0.0,0.0,0.15
111,111,0.018479038029909134,0.9775969386100769,0.0,0.0,1.909327513802128e-12,0.35139843821525574,0.5,0.35,0.0,0.0,0.15
112,112,0.0,0.973731279373169,0.0,0.0,2.0743428676139875e-12,0.34080594778060913,0.5,0.35,0.0,0.0,0.15
113,113,0.0,0.9694660902023315,0.0,0.0,2.258297281815258e-12,0.3393131196498871,0.5,0.35,0.0,0.0,0.15
114,114,0.0,0.9758317470550537,0.0,0.0,2.3794390936748844e-12,0.3415411114692688,0.5,0.35,0.0,0.0,0.15
115,115,0.0,0.9697619080543518,0.0,0.0,2.482772234330133e-12,0.33941665291786194,0.5,0.35,0.0,0.0,0.15
116,116,0.0,0.9650143384933472,0.0,0.0,2.5642530633585014e-12,0.337755024433136,0.5,0.35,0.0,0.0,0.15
117,117,0.020626431331038475,0.9693822860717773,0.0,0.0,2.744453969638627e-12,0.3495970070362091,0.5,0.35,0.0,0.0,0.15
118,118,0.021252647042274475,0.9697988033294678,2.5836453437805176,0.0,3.0546483311549855e-12,0.35005590319633484,0.5,0.35,0.0,0.0,0.15
119,119,0.01879652589559555,0.961316704750061,2.326618194580078,0.0,3.337311330064985e-12,0.3458590805530548,0.5,0.35,0.0,0.0,0.15
120,120,0.0,0.9628414511680603,0.0,0.0,3.5981228847098423e-12,0.3369944989681244,0.5,0.35,0.0,0.0,0.15
121,121,0.018607892096042633,0.9710665345191956,0.0,0.0,3.838299469927087e-12,0.3491772413253784,0.5,0.35,0.0,0.0,0.15
122,122,0.020020030438899994,0.9738390445709229,2.0002543926239014,0.0,3.897940997754645e-12,0.35085365176200867,0.5,0.35,0.0,0.0,0.15
123,123,0.020777611061930656,0.9719230532646179,0.0,0.0,3.794870234025138e-12,0.35056185722351074,0.5,0.35,0.0,0.0,0.15
124,124,0.02030014619231224,0.9719294905662537,0.0,0.0,3.5793950269036312e-12,0.35032540559768677,0.5,0.35,0.0,0.0,0.15
125,125,0.02241636998951435,0.9767225384712219,0.0,0.0,3.3071364657216717e-12,0.3530610501766205,0.5,0.35,0.0,0.0,0.15
126,126,0.022821886464953423,0.9795736074447632,3.1609907150268555,0.0,2.9879653438980025e-12,0.35426169633865356,0.5,0.35,0.0,0.0,0.15
127,127,0.022166496142745018,0.9799206256866455,0.0,0.0,2.7079829264392563e-12,0.3540554642677307,0.5,0.35,0.0,0.0,0.15
128,128,0.02058015950024128,0.981734573841095,0.0,0.0,2.5341510574011794e-12,0.35389718413352966,0.5,0.35,0.0,0.0,0.15
129,129,0.020366663113236427,0.9811732172966003,0.0,0.0,2.471890097124896e-12,0.35359394550323486,0.5,0.35,0.0,0.0,0.15
130,130,0.0,0.9892578721046448,0.0,0.0,2.4538470214108266e-12,0.34624025225639343,0.5,0.35,0.0,0.0,0.15
131,131,0.0,0.9779058694839478,0.0,0.0,2.244992386435385e-12,0.3422670364379883,0.5,0.35,0.0,0.0,0.15
132,132,0.0,0.9762566685676575,0.0,0.0,2.165281192192947e-12,0.3416898250579834,0.5,0.35,0.0,0.0,0.15
133,133,0.0,0.9793391823768616,0.0,0.0,2.2419496814585216e-12,0.34276869893074036,0.5,0.35,0.0,0.0,0.15
134,134,0.0,0.9864422082901001,4.3600077629089355,0.0,2.37677195633057e-12,0.3452547788619995,0.5,0.35,0.0,0.0,0.15
135,135,0.0,0.980128824710846,0.0,0.0,2.58559710100692e-12,0.34304508566856384,0.5,0.35,0.0,0.0,0.15
136,136,0.0,0.9821953177452087,2.5723531246185303,0.0,2.8986049671608782e-12,0.3437683582305908,0.5,0.35,0.0,0.0,0.15
137,137,0.0,0.9766219258308411,0.0,0.0,3.246977122936534e-12,0.3418176770210266,0.5,0.35,0.0,0.0,0.15
138,138,0.0,0.9698094725608826,2.440803289413452,0.0,3.4224079733385926e-12,0.33943331241607666,0.5,0.35,0.0,0.0,0.15
139,139,0.0,0.9668064713478088,0.0,0.0,3.574796491809251e-12,0.3383822739124298,0.5,0.35,0.0,0.0,0.15
140,140,0.019066868349909782,0.9744005799293518,0.0,0.0,3.701472288397678e-12,0.3505736291408539,0.5,0.35,0.0,0.0,0.15
141,141,0.020788339897990227,0.9754452705383301,0.0,0.0,3.864532392011677e-12,0.35179999470710754,0.5,0.35,0.0,0.0,0.15
142,142,0.02299273945391178,0.9735830426216125,0.0,0.0,4.0261262206076065e-12,0.35225042700767517,0.5,0.35,0.0,0.0,0.15
143,143,0.022321417927742004,0.9746564030647278,0.0,0.0,4.244042183659813e-12,0.35229045152664185,0.5,0.35,0.0,0.0,0.15
144,144,0.021473068743944168,0.9697959423065186,0.0,0.0,4.38713084957576e-12,0.35016509890556335,0.5,0.35,0.0,0.0,0.15
145,145,0.020668214187026024,0.9680332541465759,2.8222756385803223,0.0,4.563896136011714e-12,0.3491457402706146,0.5,0.35,0.0,0.0,0.15
146,146,0.0,0.9676545858383179,0.0,0.0,4.848910769433834e-12,0.33867910504341125,0.5,0.35,0.0,0.0,0.15
147,147,0.0,0.964192807674408,0.0,0.0,5.157967802871255e-12,0.3374674916267395,0.5,0.35,0.0,0.0,0.15
148,148,0.0,0.9659155011177063,1.8181116580963135,0.0,5.399115182713743e-12,0.33807042241096497,0.5,0.35,0.0,0.0,0.15
149,149,0.0,0.9717294573783875,0.0,0.0,5.535823969365916e-12,0.3401052951812744,0.5,0.35,0.0,0.0,0.15
150,150,0.019161658361554146,0.9658185243606567,2.6372604370117188,0.0,5.3098463126399764e-12,0.3476172983646393,0.5,0.35,0.0,0.0,0.15
151,151,0.018434278666973114,0.9601547122001648,0.0,0.0,5.093492034397018e-12,0.3452712893486023,0.5,0.35,0.0,0.0,0.15
152,152,0.018872778862714767,0.9678152203559875,0.0,0.0,5.128547326399557e-12,0.3481717109680176,0.5,0.35,0.0,0.0,0.15
153,153,0.0200430266559124,0.970028281211853,2.597745418548584,0.0,5.207164560649957e-12,0.3495314121246338,0.5,0.35,0.0,0.0,0.15
154,154,0.0,0.9653477668762207,2.2905495166778564,0.0,5.125369312991568e-12,0.3378717005252838,0.5,0.35,0.0,0.0,0.15
155,155,0.0,0.9653724431991577,0.0,0.0,4.799087342799435e-12,0.33788034319877625,0.5,0.35,0.0,0.0,0.15
156,156,0.0,0.9796224236488342,0.0,0.0,4.535614505501995e-12,0.3428678512573242,0.5,0.35,0.0,0.0,0.15
157,157,0.0,0.976819634437561,0.0,0.0,4.370202116854571e-12,0.34188687801361084,0.5,0.35,0.0,0.0,0.15
158,158,0.0,0.9773512482643127,20.96377944946289,0.0,4.432676881799269e-12,0.3420729339122772,0.5,0.35,0.0,0.0,0.15
159,159,0.022224977612495422,0.9798614978790283,1.8351577520370483,0.0,4.8872485919337905e-12,0.3540639877319336,0.5,0.35,0.0,0.0,0.15
160,160,0.019982850179076195,0.9716057777404785,0.0,0.0,5.426701622790464e-12,0.35005345940589905,0.5,0.35,0.0,0.0,0.15
161,161,0.0,0.967004656791687,0.0,0.0,6.03524608761008e-12,0.338451623916626,0.5,0.35,0.0,0.0,0.15
162,162,0.0,0.9648737907409668,4.378707408905029,0.0,6.958207881407885e-12,0.3377058207988739,0.5,0.35,0.0,0.0,0.15
163,163,0.0,0.9580605626106262,2.2322630882263184,0.0,8.219722645586014e-12,0.33532118797302246,0.5,0.35,0.0,0.0,0.15
164,164,0.0,0.9503642320632935,0.0,0.0,9.9071462839051e-12,0.33262747526168823,0.5,0.35,0.0,0.0,0.15
165,165,0.019137416034936905,0.9484767317771912,0.0,0.0,1.2183348947758521e-11,0.3415355682373047,0.5,0.35,0.0,0.0,0.15
166,166,0.020521577447652817,0.9415256977081299,0.0,0.0,1.473268902707492e-11,0.339794784784317,0.5,0.35,0.0,0.0,0.15
167,167,0.02028028853237629,0.9322426319122314,0.0,0.0,1.697220315677317e-11,0.3364250659942627,0.5,0.35,0.0,0.0,0.15
168,168,0.020070666447281837,0.9302438497543335,0.0,0.0,1.8067783380537605e-11,0.3356206715106964,0.5,0.35,0.0,0.0,0.15
169,169,0.02232389897108078,0.9342927932739258,0.0,0.0,1.7144350175635203e-11,0.33816441893577576,0.5,0.35,0.0,0.0,0.15
170,170,0.02175334468483925,0.935280442237854,0.0,0.0,1.548987153821013e-11,0.3382248282432556,0.5,0.35,0.0,0.0,0.15
171,171,0.022220304235816002,0.9496751427650452,0.0,0.0,1.4796219804935618e-11,0.3434964418411255,0.5,0.35,0.0,0.0,0.15
172,172,0.023231351748108864,0.9568765163421631,0.0,0.0,1.3921148088458235e-11,0.3465224504470825,0.5,0.35,0.0,0.0,0.15
173,173,0.022318623960018158,0.9595618844032288,0.0,0.0,1.2925472324398779e-11,0.3470059633255005,0.5,0.35,0.0,0.0,0.15
174,174,0.01981430873274803,0.9613274335861206,0.0,0.0,1.180118936600083e-11,0.34637174010276794,0.5,0.35,0.0,0.0,0.15
175,175,0.0,0.965965211391449,0.0,0.0,1.1086423445938465e-11,0.3380878269672394,0.5,0.35,0.0,0.0,0.15
176,176,0.018908275291323662,0.9724195003509521,0.0,0.0,1.1019930627742536e-11,0.3498009443283081,0.5,0.35,0.0,0.0,0.15
177,177,0.02133353427052498,0.9768931269645691,0.0,0.0,1.0972362775307776e-11,0.35257935523986816,0.5,0.35,0.0,0.0,0.15
178,178,0.01972099207341671,0.9802541136741638,0.0,0.0,1.0859495594428559e-11,0.3529494106769562,0.5,0.35,0.0,0.0,0.15
179,179,0.01883711665868759,0.9766821265220642,2.9347755908966064,0.0,1.0579931028487088e-11,0.3512572944164276,0.5,0.35,0.0,0.0,0.15
180,180,0.0,0.9760318994522095,2.052224636077881,0.0,1.0304789140047621e-11,0.3416111469268799,0.5,0.35,0.0,0.0,0.15
181,181,0.0,0.9766639471054077,0.0,0.0,1.0416142774694048e-11,0.34183236956596375,0.5,0.35,0.0,0.0,0.15
182,182,0.0,0.9752067923545837,0.0,0.0,1.0677237739786793e-11,0.3413223624229431,0.5,0.35,0.0,0.0,0.15
183,183,0.0,0.9717212915420532,0.0,0.0,1.1442883966761297e-11,0.3401024341583252,0.5,0.35,0.0,0.0,0.15
184,184,0.0,0.9665759801864624,0.0,0.0,1.3314446767331845e-11,0.3383015990257263,0.5,0.35,0.0,0.0,0.15
185,185,0.0,0.9619808793067932,0.0,0.0,1.628351273263995e-11,0.33669331669807434,0.5,0.35,0.0,0.0,0.15
186,186,0.019155463203787804,0.9547278881072998,1.6729695796966553,0.0,1.9993718486377432e-11,0.34373247623443604,0.5,0.35,0.0,0.0,0.15
187,187,0.0,0.9395861625671387,0.0,0.0,2.3915340194302637e-11,0.32885515689849854,0.5,0.35,0.0,0.0,0.15
188,188,0.0,0.9365355968475342,0.0,0.0,2.897119696920747e-11,0.32778745889663696,0.5,0.35,0.0,0.0,0.15
189,189,0.0,0.9334375262260437,0.0,0.0,3.235665207990124e-11,0.32670313119888306,0.5,0.35,0.0,0.0,0.15
190,190,0.018539179116487503,0.9470136761665344,0.0,0.0,3.35855163124954e-11,0.340724378824234,0.5,0.35,0.0,0.0,0.15
191,191,0.023797813802957535,0.9383764266967773,0.0,0.0,3.384731731004287e-11,0.34033066034317017,0.5,0.35,0.0,0.0,0.15
192,192,0.02526025101542473,0.9226309061050415,2.8979902267456055,0.0,3.464648012929672e-11,0.3355509340763092,0.5,0.35,0.0,0.0,0.15
193,193,0.02075009234249592,0.9321278929710388,0.0,0.0,3.615184887562073e-11,0.3366198241710663,0.5,0.35,0.0,0.0,0.15
194,194,0.019942136481404305,0.9406775832176208,0.0,0.0,3.839092238555608e-11,0.3392082452774048,0.5,0.35,0.0,0.0,0.15
195,195,0.0,0.9518948793411255,-5.007879734039307,0.0,4.049038881959177e-11,0.33316320180892944,0.5,0.35,0.0,0.0,0.15
196,196,0.0,0.9448803067207336,0.0,0.0,3.820669128296039e-11,0.3307081162929535,0.5,0.35,0.0,0.0,0.15
197,197,0.0,0.9485758543014526,-2.55100679397583,0.0,3.5157932121165913e-11,0.33200153708457947,0.5,0.35,0.0,0.0,0.15
198,198,0.0,0.9532217383384705,3.9774277210235596,0.0,3.231693038174832e-11,0.3336276113986969,0.5,0.35,0.0,0.0,0.15
199,199,0.0,0.9625638723373413,0.0,0.0,2.950109947996715e-11,0.3368973433971405,0.5,0.35,0.0,0.0,0.15
200,200,0.022808244451880455,0.9667149782180786,2.00409197807312,0.0,2.8001172561187282e-11,0.34975436329841614,0.5,0.35,0.0,0.0,0.15
201,201,0.03592897579073906,0.9364745616912842,0.0,0.0,2.7837157925980627e-11,0.34573057293891907,0.5,0.35,0.0,0.0,0.15
202,202,0.029459670186042786,0.9147384166717529,0.48533135652542114,0.0,2.825105600845479e-11,0.3348882794380188,0.5,0.35,0.0,0.0,0.15
203,203,0.0,0.9272239208221436,0.0,0.0,3.0834033243332115e-11,0.32452836632728577,0.5,0.35,0.0,0.0,0.15
204,204,0.0,0.9574905633926392,0.0,0.0,3.4032200668665524e-11,0.33512169122695923,0.5,0.35,0.0,0.0,0.15
205,205,0.018934236839413643,0.9531930088996887,0.0,0.0,3.512281437911824e-11,0.3430846631526947,0.5,0.35,0.0,0.0,0.15
206,206,0.030175188556313515,0.9313960671424866,0.0,0.0,3.5193292724500225e-11,0.34107622504234314,0.5,0.35,0.0,0.0,0.15
207,207,0.03325626254081726,0.916916012763977,-2.2084057331085205,0.0,3.5810424070525926e-11,0.33754873275756836,0.5,0.35,0.0,0.0,0.15
208,208,0.020419009029865265,0.9287256002426147,0.0,0.0,3.690892383390043e-11,0.3352634608745575,0.5,0.35,0.0,0.0,0.15
209,209,0.01836334355175495,0.9483357071876526,0.0,0.0,3.933643688558419e-11,0.34109917283058167,0.5,0.35,0.0,0.0,0.15
210,210,0.02062397263944149,0.9513390064239502,0.3779139220714569,0.0,4.0351999519572246e-11,0.3432806432247162,0.5,0.35,0.0,0.0,0.15
211,211,0.020447799935936928,0.9402919411659241,0.0,0.0,3.9497623921525005e-11,0.33932608366012573,0.5,0.35,0.0,0.0,0.15
212,212,0.019090384244918823,0.939041793346405,0.0,0.0,3.948271223852551e-11,0.3382098078727722,0.5,0.35,0.0,0.0,0.15
213,213,0.018344495445489883,0.9456604719161987,0.0,0.0,4.038626377766974e-11,0.34015342593193054,0.5,0.35,0.0,0.0,0.15
214,214,0.0,0.9459704756736755,0.0,0.0,4.084354729427808e-11,0.33108967542648315,0.5,0.35,0.0,0.0,0.15
215,215,0.0,0.9459599256515503,0.0,0.0,4.1081686663613226e-11,0.3310859799385071,0.5,0.35,0.0,0.0,0.15
216,216,0.01880238950252533,0.9536936283111572,0.0,0.0,4.1301042447150493e-11,0.34319397807121277,0.5,0.35,0.0,0.0,0.15
217,217,0.019950568675994873,0.9539561867713928,0.0,0.0,4.158283439803512e-11,0.3438599407672882,0.5,0.35,0.0,0.0,0.15
218,218,0.019450196996331215,0.9533603191375732,0.0,0.0,4.0951974450420536e-11,0.3434011936187744,0.5,0.35,0.0,0.0,0.15
219,219,0.01894974149763584,0.9486109018325806,1.782495141029358,0.0,4.075965259753289e-11,0.34148868918418884,0.5,0.35,0.0,0.0,0.15
220,220,0.0,0.9489549994468689,0.0,0.0,4.078111806582463e-11,0.3321342468261719,0.5,0.35,0.0,0.0,0.15
221,221,0.0,0.9465242028236389,0.0,0.0,4.07614428321601e-11,0.33128347992897034,0.5,0.35,0.0,0.0,0.15
222,222,0.0,0.9509512186050415,0.0,0.0,4.086856200680167e-11,0.332832932472229,0.5,0.35,0.0,0.0,0.15
223,223,0.019325431436300278,0.9539004564285278,2.0170340538024902,0.0,4.119412450043214e-11,0.3435278832912445,0.5,0.35,0.0,0.0,0.15
224,224,0.018982093781232834,0.952055811882019,0.0,0.0,4.100309328181062e-11,0.34271058440208435,0.5,0.35,0.0,0.0,0.15
225,225,0.0,0.9451316595077515,0.0,0.0,4.057156346992663e-11,0.3307960629463196,0.5,0.35,0.0,0.0,0.15
226,226,0.0,0.94879549741745,2.1699512004852295,0.0,4.065235301164982e-11,0.3320784270763397,0.5,0.35,0.0,0.0,0.15
227,227,0.0,0.9500166177749634,0.0,0.0,4.1374053488807405e-11,0.33250582218170166,0.5,0.35,0.0,0.0,0.15
228,228,0.01893617771565914,0.9516572952270508,3.281252384185791,0.0,4.151903473803564e-11,0.342548131942749,0.5,0.35,0.0,0.0,0.15
229,229,0.020944353193044662,0.9559305906295776,0.0,0.0,4.1707623466002985e-11,0.34504789113998413,0.5,0.35,0.0,0.0,0.15
230,230,0.020480504259467125,0.9561022520065308,0.0,0.0,4.161322328388728e-11,0.3448760509490967,0.5,0.35,0.0,0.0,0.15
231,231,0.01936035044491291,0.9503921270370483,1.8276660442352295,0.0,4.1843157411181053e-11,0.3423174321651459,0.5,0.35,0.0,0.0,0.15
232,232,0.018367860466241837,0.9517526030540466,0.0,0.0,4.118713356482395e-11,0.34229734539985657,0.5,0.35,0.0,0.0,0.15
233,233,0.0,0.9498633742332458,1.9234126806259155,0.0,4.1433599606843785e-11,0.3324521780014038,0.5,0.35,0.0,0.0,0.15
234,234,0.0,0.9488621950149536,0.0,0.0,4.14571536822006e-11,0.3321017622947693,0.5,0.35,0.0,0.0,0.15
235,235,0.0,0.952789306640625,0.0,0.0,4.18448366235058e-11,0.3334762454032898,0.5,0.35,0.0,0.0,0.15
236,236,0.01847538724541664,0.9557492733001709,2.4200377464294434,0.0,4.219805060934334e-11,0.3437499403953552,0.5,0.35,0.0,0.0,0.15
237,237,0.01835831254720688,0.9556300640106201,0.0,0.0,4.27786972512223e-11,0.34364965558052063,0.5,0.35,0.0,0.0,0.15
238,238,0.018887486308813095,0.9536733627319336,3.571458339691162,0.0,4.2171738323659724e-11,0.34322941303253174,0.5,0.35,0.0,0.0,0.15
239,239,0.0,0.9509718418121338,1.9554163217544556,0.0,4.102890943658011e-11,0.3328401446342468,0.5,0.35,0.0,0.0,0.15
240,240,0.0,0.9539754986763,0.0,0.0,4.0682991697682525e-11,0.3338914215564728,0.5,0.35,0.0,0.0,0.15
241,241,0.0,0.9498379826545715,3.3301284313201904,0.0,4.042780693547243e-11,0.3324432969093323,0.5,0.35,0.0,0.0,0.15
242,242,0.0,0.9501544833183289,0.0,0.0,4.0500429399070725e-11,0.33255407214164734,0.5,0.35,0.0,0.0,0.15
243,243,0.020417913794517517,0.9546921253204346,0.0,0.0,4.1107471593360145e-11,0.344351202249527,0.5,0.35,0.0,0.0,0.15
244,244,0.018953224644064903,0.9514402151107788,0.0,0.0,4.239174289377701e-11,0.3424806594848633,0.5,0.35,0.0,0.0,0.15
245,245,0.0,0.9515321850776672,0.0,0.0,4.266843822708921e-11,0.33303627371788025,0.5,0.35,0.0,0.0,0.15
246,246,0.0,0.9507635235786438,0.0,0.0,4.227063143957821e-11,0.33276721835136414,0.5,0.35,0.0,0.0,0.15
247,247,0.0,0.9553086161613464,0.0,0.0,4.244303519751469e-11,0.33435800671577454,0.5,0.35,0.0,0.0,0.15
248,248,0.0,0.9483433961868286,0.0,0.0,4.1606714601405415e-11,0.33192017674446106,0.5,0.35,0.0,0.0,0.15
249,249,0.0,0.9476627707481384,1.9656368494033813,0.0,4.17066693680912e-11,0.3316819667816162,0.5,0.35,0.0,0.0,0.15
250,250,0.0,0.9495710730552673,0.0,0.0,4.2169327058028117e-11,0.33234986662864685,0.5,0.35,0.0,0.0,0.15
251,251,0.0,0.9531463980674744,3.0328636169433594,0.0,4.2465548438785916e-11,0.3336012363433838,0.5,0.35,0.0,0.0,0.15
252,252,0.0,0.9496785998344421,0.0,0.0,4.212905024836289e-11,0.3323875069618225,0.5,0.35,0.0,0.0,0.15
253,253,0.0,0.9491422176361084,0.0,0.0,4.154081939544696e-11,0.3321997821331024,0.5,0.35,0.0,0.0,0.15
254,254,0.0,0.9472049474716187,0.0,0.0,4.10487893676148e-11,0.3315217196941376,0.5,0.35,0.0,0.0,0.15
255,255,0.0,0.9462715983390808,0.0,0.0,4.0656228383895154e-11,0.33119505643844604,0.5,0.35,0.0,0.0,0.15
256,256,0.0,0.9521915316581726,0.0,0.0,4.079076312835106e-11,0.3332670331001282,0.5,0.35,0.0,0.0,0.15
257,257,0.019565824419260025,0.9552314877510071,2.3507416248321533,0.0,4.1122924510084147e-11,0.34411391615867615,0.5,0.35,0.0,0.0,0.15
258,258,0.020254051312804222,0.9523196220397949,3.832066297531128,0.0,4.1071188117136614e-11,0.34343889355659485,0.5,0.35,0.0,0.0,0.15
259,259,0.020913615822792053,0.9564658403396606,0.0,0.0,4.10700917718998e-11,0.34521985054016113,0.5,0.35,0.0,0.0,0.15
260,260,0.019369710236787796,0.9550076127052307,0.0,0.0,4.1290568186802545e-11,0.3439375162124634,0.5,0.35,0.0,0.0,0.15
261,261,0.0,0.9502900838851929,0.0,0.0,4.108137441338755e-11,0.33260151743888855,0.5,0.35,0.0,0.0,0.15
262,262,0.0,0.9486448168754578,0.0,0.0,4.132373609966322e-11,0.3320256769657135,0.5,0.35,0.0,0.0,0.15
263,263,0.0,0.9480139017105103,0.0,0.0,4.13876294347304e-11,0.33180487155914307,0.5,0.35,0.0,0.0,0.15
264,264,0.018417896702885628,0.9516839385032654,0.0,0.0,4.234567904659592e-11,0.34229832887649536,0.5,0.35,0.0,0.0,0.15
265,265,0.0,0.948334813117981,0.0,0.0,4.211763923733791e-11,0.3319171667098999,0.5,0.35,0.0,0.0,0.15
266,266,0.0,0.9459322690963745,0.0,0.0,4.125884009442693e-11,0.3310762941837311,0.5,0.35,0.0,0.0,0.15
267,267,0.0,0.950006902217865,0.0,0.0,4.1538522621564766e-11,0.33250242471694946,0.5,0.35,0.0,0.0,0.15
268,268,0.01843196526169777,0.951262354850769,0.0,0.0,4.197377168058125e-11,0.3421578109264374,0.5,0.35,0.0,0.0,0.15
269,269,0.019161876291036606,0.9507019519805908,0.0,0.0,4.1442922010803684e-11,0.3423266112804413,0.5,0.35,0.0,0.0,0.15
270,270,0.0,0.9475983381271362,5.706109523773193,0.0,4.0783137283950666e-11,0.3316594064235687,0.5,0.35,0.0,0.0,0.15
271,271,0.0,0.9449131488800049,0.0,0.0,4.012544116416272e-11,0.33071959018707275,0.5,0.35,0.0,0.0,0.15
272,272,0.0,0.9513298273086548,0.0,0.0,3.99969155018276e-11,0.3329654335975647,0.5,0.35,0.0,0.0,0.15
273,273,0.01877579279243946,0.9523788690567017,-3.559890031814575,0.0,4.0175293647415344e-11,0.34272050857543945,0.5,0.35,0.0,0.0,0.15
274,274,0.018365707248449326,0.9479786157608032,0.0,0.0,3.863988642938132e-11,0.3409753441810608,0.5,0.35,0.0,0.0,0.15
275,275,0.018867310136556625,0.9519530534744263,0.0,0.0,3.821631205935816e-11,0.3426172137260437,0.5,0.35,0.0,0.0,0.15
276,276,0.02032741904258728,0.9569070935249329,0.0,0.0,3.8732933527185764e-11,0.3450812101364136,0.5,0.35,0.0,0.0,0.15
277,277,0.020392440259456635,0.9555521607398987,0.0,0.0,3.923243674375243e-11,0.34463945031166077,0.5,0.35,0.0,0.0,0.15
278,278,0.01914058066904545,0.9495246410369873,0.0,0.0,3.929084488318857e-11,0.3419039249420166,0.5,0.35,0.0,0.0,0.15
279,279,0.0,0.9530800580978394,2.130479097366333,0.0,3.941288961861744e-11,0.3335780203342438,0.5,0.35,0.0,0.0,0.15
280,280,0.018908346071839333,0.9522648453712463,2.561858654022217,0.0,3.987032579089167e-11,0.3427468538284302,0.5,0.35,0.0,0.0,0.15
281,281,0.0,0.951181948184967,0.0,0.0,4.053814575688541e-11,0.33291366696357727,0.5,0.35,0.0,0.0,0.15
282,282,0.0,0.9509718418121338,0.0,0.0,4.0500200415571896e-11,0.3328401446342468,0.5,0.35,0.0,0.0,0.15
283,283,0.0,0.9526404738426208,0.0,0.0,4.065297404265422e-11,0.3334241509437561,0.5,0.35,0.0,0.0,0.15
284,284,0.0,0.9446800947189331,0.0,0.0,4.068400130674554e-11,0.33063802123069763,0.5,0.35,0.0,0.0,0.15
285,285,0.0,0.9458554983139038,0.0,0.0,4.068198555806646e-11,0.3310494124889374,0.5,0.35,0.0,0.0,0.15
286,286,0.018560517579317093,0.9511656761169434,0.0,0.0,4.059393446387283e-11,0.3421882390975952,0.5,0.35,0.0,0.0,0.15
287,287,0.018818650394678116,0.9512741565704346,0.0,0.0,4.029531916471818e-11,0.34235528111457825,0.5,0.35,0.0,0.0,0.15
288,288,0.018793730065226555,0.9502910375595093,0.0,0.0,3.9707841181790826e-11,0.3419986963272095,0.5,0.35,0.0,0.0,0.15
289,289,0.0,0.9485433101654053,0.0,0.0,3.9224203746135444e-11,0.33199015259742737,0.5,0.35,0.0,0.0,0.15
290,290,0.018787184730172157,0.9508097171783447,0.0,0.0,3.952596236422856e-11,0.34217700362205505,0.5,0.35,0.0,0.0,0.15
291,291,0.019568590447306633,0.9538649916648865,0.0,0.0,4.066011069503439e-11,0.34363701939582825,0.5,0.35,0.0,0.0,0.15
292,292,0.019413640722632408,0.9532135128974915,0.0,0.0,4.05749669973865e-11,0.34333154559135437,0.5,0.35,0.0,0.0,0.15
293,293,0.0,0.9515193700790405,1.8123219013214111,0.0,4.030730957338413e-11,0.3330317735671997,0.5,0.35,0.0,0.0,0.15
294,294,0.0,0.9456785321235657,1.9023154973983765,0.0,3.9707768323404835e-11,0.33098748326301575,0.5,0.35,0.0,0.0,0.15
295,295,0.0,0.9461941123008728,2.155900478363037,0.0,3.9749748631523474e-11,0.33116793632507324,0.5,0.35,0.0,0.0,0.15
296,296,0.018432853743433952,0.9536831378936768,0.0,0.0,4.068446968208406e-11,0.343005508184433,0.5,0.35,0.0,0.0,0.15
297,297,0.019099531695246696,0.9532545804977417,-3.4229838848114014,0.0,4.0725381400541494e-11,0.3431888520717621,0.5,0.35,0.0,0.0,0.15
298,298,0.018956894055008888,0.9485733509063721,0.0,0.0,4.01239839964429e-11,0.3414791226387024,0.5,0.35,0.0,0.0,0.15
299,299,0.0,0.9478655457496643,0.0,0.0,4.030423217393775e-11,0.3317529261112213,0.5,0.35,0.0,0.0,0.15
